USE laboratorio2;
INSERT INTO tmedicos (idmedicos, nombre, apellidopaterno, apellidomaterno, especialidad, telefono) VALUES
(1, 'Carlos', 'Gómez', 'Pérez', 'Cardiología', '555-1001'),
(2, 'María', 'Fernández', 'López', 'Pediatría', '555-1002'),
(3, 'Javier', 'López', 'Martínez', 'Neurología', '555-1003'),
(4, 'Ana', 'Ramírez', 'González', 'Dermatología', '555-1004'),
(5, 'Fernando', 'Torres', 'Díaz', 'Traumatología', '555-1005'),
(6, 'Luis', 'Hernández', 'Vargas', 'Ginecología', '555-1006'),
(7, 'Patricia', 'Castro', 'Morales', 'Oncología', '555-1007'),
(8, 'Ricardo', 'Rojas', 'Santos', 'Endocrinología', '555-1008'),
(9, 'Sofía', 'Mendoza', 'Ortega', 'Nefrología', '555-1009'),
(10, 'Diego', 'Silva', 'Reyes', 'Oftalmología', '555-1010'),
(11, 'Elena', 'Domínguez', 'Paredes', 'Urología', '555-1011'),
(12, 'Alejandro', 'Jiménez', 'Salazar', 'Psiquiatría', '555-1012'),
(13, 'Gabriela', 'Ruiz', 'Méndez', 'Neumología', '555-1013'),
(14, 'Raúl', 'Chávez', 'Fuentes', 'Reumatología', '555-1014'),
(15, 'Isabel', 'Ortega', 'Navarro', 'Gastroenterología', '555-1015'),
(16, 'Andrés', 'Pérez', 'Suárez', 'Hematología', '555-1016'),
(17, 'Mónica', 'Gutiérrez', 'Escobar', 'Otorrinolaringología', '555-1017'),
(18, 'Hugo', 'Vega', 'Peña', 'Medicina General', '555-1018'),
(19, 'Valeria', 'Luna', 'Mejía', 'Medicina Interna', '555-1019'),
(20, 'Jorge', 'Flores', 'Cortés', 'Cirugía General', '555-1020'),
(21, 'Daniela', 'Sánchez', 'Rosales', 'Cirugía Plástica', '555-1021'),
(22, 'Oscar', 'Aguilar', 'Carrillo', 'Cirugía Pediátrica', '555-1022'),
(23, 'Claudia', 'Ramos', 'Montoya', 'Cirugía Cardiovascular', '555-1023'),
(24, 'Gonzalo', 'Cabrera', 'Velasco', 'Medicina del Deporte', '555-1024'),
(25, 'Laura', 'Ibarra', 'Arce', 'Geriatría', '555-1025'),
(26, 'Esteban', 'Figueroa', 'Bermúdez', 'Medicina Nuclear', '555-1026'),
(27, 'Natalia', 'Valenzuela', 'Muñoz', 'Neurocirugía', '555-1027'),
(28, 'Emilio', 'Moreno', 'Álvarez', 'Neurofisiología', '555-1028'),
(29, 'Andrea', 'Delgado', 'Herrera', 'Patología', '555-1029'),
(30, 'Héctor', 'Escalante', 'Peralta', 'Anestesiología', '555-1030'),
(31, 'Camila', 'Estrada', 'Ríos', 'Radiología', '555-1031'),
(32, 'Pedro', 'Navarrete', 'Solano', 'Genética Médica', '555-1032'),
(33, 'Liliana', 'Cervantes', 'Palacios', 'Nutriología', '555-1033'),
(34, 'Tomás', 'Sandoval', 'Roldán', 'Infectología', '555-1034'),
(35, 'Ximena', 'Guzmán', 'Garrido', 'Toxicología', '555-1035'),
(36, 'Rodrigo', 'Padilla', 'Estrada', 'Inmunología', '555-1036'),
(37, 'Mariana', 'Lagos', 'Beltrán', 'Fisiatría', '555-1037'),
(38, 'Eduardo', 'Carrasco', 'Valdez', 'Angiología', '555-1038'),
(39, 'Renata', 'Rangel', 'Téllez', 'Dermatología', '555-1039'),
(40, 'Santiago', 'Fuentes', 'Villanueva', 'Neonatología', '555-1040'),
(41, 'Paulina', 'Zavala', 'Acosta', 'Oftalmología', '555-1041'),
(42, 'Iván', 'Meza', 'Campos', 'Otorrinolaringología', '555-1042'),
(43, 'Verónica', 'Salinas', 'Soria', 'Medicina del Trabajo', '555-1043'),
(44, 'Francisco', 'Maldonado', 'Castañeda', 'Medicina Familiar', '555-1044'),
(45, 'Adriana', 'Arriaga', 'Jiménez', 'Urgenciología', '555-1045'),
(46, 'Manuel', 'Hurtado', 'Salgado', 'Terapia Intensiva', '555-1046'),
(47, 'Cecilia', 'Peñaloza', 'Galván', 'Neuropsiquiatría', '555-1047'),
(48, 'Jesús', 'Quiroz', 'Miramontes', 'Endocrinología', '555-1048'),
(49, 'Alicia', 'Rentería', 'Bustos', 'Psicología Clínica', '555-1049'),
(50, 'David', 'Villaseñor', 'Esquivel', 'Sexología', '555-1050');
INSERT INTO tpacientes (idpacientes, nombre, apellidopaterno, apellidomaterno, fechanacimiento, telefono, email, direccion, tiposangre, alergias) VALUES
(1, 'Luis', 'González', 'Ramírez', '1985-03-15', '555-2001', 'luis.gonzalez@email.com', 'Calle 10 #123, CDMX', 'O+', 'Ninguna'),
(2, 'María', 'López', 'Fernández', '1992-07-22', '555-2002', 'maria.lopez@email.com', 'Av. Central #45, Monterrey', 'A-', 'Penicilina'),
(3, 'Carlos', 'Martínez', 'Gutiérrez', '1988-05-10', '555-2003', 'carlos.martinez@email.com', 'Calle 8 #98, Guadalajara', 'B+', 'Mariscos'),
(4, 'Ana', 'Pérez', 'Torres', '1995-01-30', '555-2004', 'ana.perez@email.com', 'Blvd. Reforma #22, Puebla', 'AB+', 'Polen'),
(5, 'Jorge', 'Hernández', 'Sánchez', '1979-09-12', '555-2005', 'jorge.hernandez@email.com', 'Calle 20 #76, Mérida', 'O-', 'Ninguna'),
(6, 'Sofía', 'Díaz', 'Rojas', '2000-04-18', '555-2006', 'sofia.diaz@email.com', 'Av. Juárez #19, Cancún', 'A+', 'Lácteos'),
(7, 'Raúl', 'Torres', 'Aguilar', '1993-11-25', '555-2007', 'raul.torres@email.com', 'Calle 15 #54, Querétaro', 'B-', 'Aspirina'),
(8, 'Gabriela', 'Ramírez', 'Vargas', '1986-08-05', '555-2008', 'gabriela.ramirez@email.com', 'Col. Centro, Oaxaca', 'O+', 'Picaduras de insectos'),
(9, 'Fernando', 'Gómez', 'Cruz', '1998-06-14', '555-2009', 'fernando.gomez@email.com', 'Calle 50 #10, Veracruz', 'AB-', 'Ninguna'),
(10, 'Valeria', 'Sánchez', 'Jiménez', '2002-02-28', '555-2010', 'valeria.sanchez@email.com', 'Av. Reforma #78, Tijuana', 'O+', 'Frutas cítricas'),
(11, 'Alejandro', 'Vargas', 'Navarro', '1980-10-02', '555-2011', 'alejandro.vargas@email.com', 'Calle 6 #89, Morelia', 'A-', 'Ibuprofeno'),
(12, 'Daniela', 'Reyes', 'Ortega', '1996-12-13', '555-2012', 'daniela.reyes@email.com', 'Blvd. Hidalgo #35, León', 'B+', 'Polvo'),
(13, 'Emilio', 'Jiménez', 'Salazar', '1983-07-09', '555-2013', 'emilio.jimenez@email.com', 'Col. Las Palmas, Toluca', 'AB+', 'Nueces'),
(14, 'Mónica', 'Castro', 'Mejía', '1991-09-01', '555-2014', 'monica.castro@email.com', 'Calle 25 #45, Pachuca', 'O-', 'Gluten'),
(15, 'Esteban', 'Mendoza', 'Peña', '1977-11-22', '555-2015', 'esteban.mendoza@email.com', 'Av. Morelos #99, Culiacán', 'A+', 'Ninguna'),
(16, 'Liliana', 'Ortega', 'Fuentes', '2001-03-04', '555-2016', 'liliana.ortega@email.com', 'Callejón 13 #31, Tampico', 'B-', 'Cacahuates'),
(17, 'Ricardo', 'Navarro', 'Luna', '1990-05-19', '555-2017', 'ricardo.navarro@email.com', 'Calle 4 #12, Saltillo', 'O+', 'Mariscos'),
(18, 'Ximena', 'Peña', 'Ríos', '1994-08-11', '555-2018', 'ximena.pena@email.com', 'Av. Hidalgo #76, Aguascalientes', 'AB-', 'Ninguna'),
(19, 'Hugo', 'Luna', 'Bermúdez', '1975-02-16', '555-2019', 'hugo.luna@email.com', 'Blvd. Juárez #55, Zacatecas', 'A+', 'Huevo'),
(20, 'Renata', 'Cortés', 'Estrada', '1997-10-29', '555-2020', 'renata.cortes@email.com', 'Callejón 8 #67, Tuxtla', 'B+', 'Chocolate'),
(21, 'Diego', 'Ríos', 'Santos', '1989-04-07', '555-2021', 'diego.rios@email.com', 'Col. Del Valle, Mexicali', 'O-', 'Antibióticos'),
(22, 'Claudia', 'Santos', 'Pineda', '2003-06-20', '555-2022', 'claudia.santos@email.com', 'Callejón 22 #88, Tepic', 'AB+', 'Ninguna'),
(23, 'Tomás', 'Delgado', 'Silva', '1984-12-05', '555-2023', 'tomas.delgado@email.com', 'Av. Reforma #123, Hermosillo', 'A-', 'Pólen'),
(24, 'Isabel', 'Acosta', 'Miranda', '1999-07-31', '555-2024', 'isabel.acosta@email.com', 'Calle 17 #54, Villahermosa', 'B+', 'Ninguna'),
(25, 'Oscar', 'Miranda', 'Esquivel', '1978-11-09', '555-2025', 'oscar.miranda@email.com', 'Col. Primavera, Campeche', 'O+', 'Sulfas'),
(26, 'Jesús', 'Meza', 'Valdez', '1995-02-18', '555-2026', 'jesus.meza@email.com', 'Blvd. Hidalgo #33, Durango', 'A-', 'Látex'),
(27, 'Camila', 'Valdez', 'Gómez', '2000-09-23', '555-2027', 'camila.valdez@email.com', 'Calle 19 #78, Tlaxcala', 'B-', 'Humedad'),
(28, 'Pedro', 'Gómez', 'Miramontes', '1993-03-12', '555-2028', 'pedro.gomez@email.com', 'Av. Morelos #91, La Paz', 'AB-', 'Ninguna'),
(29, 'Verónica', 'Rentería', 'Bustos', '1987-10-15', '555-2029', 'veronica.renteria@email.com', 'Calle 3 #77, Chilpancingo', 'O+', 'Frutos secos'),
(30, 'David', 'Villaseñor', 'Castañeda', '1998-06-14', '555-2030', 'david.villasenor@email.com', 'Blvd. Juárez #87, Colima', 'AB+', 'Polen');


INSERT INTO tarealaboratorio (idarea, nombre, descripcion) VALUES
(1, 'Hematología', 'Análisis de sangre y componentes sanguíneos'),
(2, 'Bioquímica', 'Estudios de enzimas, hormonas y metabolitos'),
(3, 'Microbiología', 'Identificación de microorganismos patógenos'),
(4, 'Inmunología', 'Pruebas de respuesta inmunitaria y anticuerpos'),
(5, 'Parasitología', 'Detección de parásitos en muestras biológicas'),
(6, 'Uroanálisis', 'Exámenes físicos, químicos y microscópicos de orina'),
(7, 'Bacteriología', 'Cultivo e identificación de bacterias'),
(8, 'Virología', 'Detección e identificación de virus'),
(9, 'Genética', 'Estudios de ADN y predisposición a enfermedades'),
(10, 'Endocrinología', 'Análisis de hormonas y glándulas endocrinas'),
(11, 'Toxicología', 'Identificación de sustancias tóxicas en el organismo'),
(12, 'Farmacología', 'Estudios de absorción y metabolismo de fármacos'),
(13, 'Anatomía Patológica', 'Análisis histológicos y citológicos de tejidos'),
(14, 'Citología', 'Estudio de células para diagnóstico de enfermedades'),
(15, 'Coagulación', 'Pruebas de tiempos de coagulación y plaquetas'),
(16, 'Serología', 'Detección de anticuerpos y respuesta inmunitaria'),
(17, 'Química Clínica', 'Análisis de componentes bioquímicos en sangre'),
(18, 'Marcadores Tumorales', 'Detección de proteínas indicadoras de cáncer'),
(19, 'Biología Molecular', 'Pruebas basadas en el ADN y ARN'),
(20, 'Neuroquímica', 'Análisis de neurotransmisores y líquidos cerebrales'),
(21, 'Hematología Especializada', 'Estudios avanzados de enfermedades sanguíneas'),
(22, 'Inmunofluorescencia', 'Detección de antígenos y anticuerpos específicos'),
(23, 'Micología', 'Estudio de hongos patógenos'),
(24, 'Biotecnología', 'Aplicaciones biotecnológicas en medicina'),
(25, 'Ecotoxicología', 'Evaluación de toxicidad ambiental en organismos'),
(26, 'Proteómica', 'Análisis de proteínas en muestras biológicas'),
(27, 'Metabolómica', 'Estudios de metabolitos en fluidos corporales'),
(28, 'Nanomedicina', 'Uso de nanotecnología en diagnóstico médico'),
(29, 'Hidratación Celular', 'Evaluación de balance de líquidos en células'),
(30, 'Enzimología Clínica', 'Análisis de actividad enzimática en enfermedades'),
(31, 'Biofísica Médica', 'Estudios físicos aplicados a sistemas biológicos'),
(32, 'Terapia Génica', 'Investigación sobre edición genética para terapias'),
(33, 'Oncología Molecular', 'Estudios genéticos de cáncer'),
(34, 'Electroforesis', 'Separación de proteínas y ácidos nucleicos'),
(35, 'Citogenética', 'Análisis de anomalías cromosómicas'),
(36, 'Hemostasia', 'Evaluación de trastornos de coagulación'),
(37, 'Bacteriología Molecular', 'Detección molecular de bacterias'),
(38, 'Farmacogenética', 'Relación entre genes y respuesta a fármacos'),
(39, 'Terapia Celular', 'Uso de células para regeneración de tejidos'),
(40, 'Bioinformática', 'Aplicaciones de software en genética y medicina'),
(41, 'Análisis de Gases Sanguíneos', 'Evaluación de oxigenación y pH en sangre'),
(42, 'Espectrometría de Masas', 'Identificación molecular mediante espectroscopía'),
(43, 'Metales Pesados', 'Detección de elementos tóxicos en fluidos'),
(44, 'Toxicología Forense', 'Análisis de sustancias en contexto legal'),
(45, 'Fisiopatología', 'Estudio de mecanismos de enfermedades'),
(46, 'Pruebas Alérgicas', 'Evaluación de reacciones alérgicas específicas'),
(47, 'Bioingeniería Médica', 'Desarrollo de biomateriales y prótesis'),
(48, 'Genómica', 'Secuenciación y análisis de genes'),
(49, 'Neuroinmunología', 'Interacción del sistema inmune con el cerebro'),
(50, 'Diagnóstico Avanzado', 'Nuevas técnicas para detección de enfermedades');


INSERT INTO tsolicitud (idsolicitud, fechasolicitud, idpacientes, idmedicos) VALUES
(1, '2025-01-10', 1, 3),
(2, '2025-01-11', 2, 5),
(3, '2025-01-12', 3, 8),
(4, '2025-01-13', 4, 2),
(5, '2025-01-14', 5, 7),
(6, '2025-01-15', 6, 1),
(7, '2025-01-16', 7, 4),
(8, '2025-01-17', 8, 9),
(9, '2025-01-18', 9, 6),
(10, '2025-01-19', 10, 10),
(11, '2025-01-20', 11, 3),
(12, '2025-01-21', 12, 5),
(13, '2025-01-22', 13, 8),
(14, '2025-01-23', 14, 2),
(15, '2025-01-24', 15, 7),
(16, '2025-01-25', 16, 1),
(17, '2025-01-26', 17, 4),
(18, '2025-01-27', 18, 9),
(19, '2025-01-28', 19, 6),
(20, '2025-01-29', 20, 10),
(21, '2025-01-30', 21, 3),
(22, '2025-01-31', 22, 5),
(23, '2025-02-01', 23, 8),
(24, '2025-02-02', 24, 2),
(25, '2025-02-03', 25, 7),
(26, '2025-02-04', 26, 1),
(27, '2025-02-05', 27, 4),
(28, '2025-02-06', 28, 9),
(29, '2025-02-07', 29, 6),
(30, '2025-02-08', 30, 10),
(31, '2025-02-09', 1, 3),
(32, '2025-02-10', 2, 5),
(33, '2025-02-11', 3, 8),
(34, '2025-02-12', 4, 2),
(35, '2025-02-13', 5, 7),
(36, '2025-02-14', 6, 1),
(37, '2025-02-15', 7, 4),
(38, '2025-02-16', 8, 9),
(39, '2025-02-17', 9, 6),
(40, '2025-02-18', 10, 10),
(41, '2025-02-19', 11, 3),
(42, '2025-02-20', 12, 5),
(43, '2025-02-21', 13, 8),
(44, '2025-02-22', 14, 2),
(45, '2025-02-23', 15, 7),
(46, '2025-02-24', 16, 1),
(47, '2025-02-25', 17, 4),
(48, '2025-02-26', 18, 9),
(49, '2025-02-27', 19, 6),
(50, '2025-02-28', 20, 10);


INSERT INTO treporte (idreporte, fechainicio, fechaentrega, prioridad, observaciones, estado, idsolicitud) VALUES
(1, '2025-01-10', '2025-01-15', 'Alta', 'Revisión urgente', 'Completado', 1),
(2, '2025-01-11', '2025-01-16', 'Media', 'Resultados esperados en 5 días', 'En proceso', 2),
(3, '2025-01-12', '2025-01-17', 'Baja', 'Paciente estable', 'Pendiente', 3),
(4, '2025-01-13', '2025-01-18', 'Alta', 'Prueba crítica', 'Completado', 4),
(5, '2025-01-14', '2025-01-19', 'Media', 'Segunda muestra tomada', 'En proceso', 5),
(6, '2025-01-15', '2025-01-20', 'Baja', 'Revisión rutinaria', 'Pendiente', 6),
(7, '2025-01-16', '2025-01-21', 'Alta', 'Paciente con síntomas graves', 'Completado', 7),
(8, '2025-01-17', '2025-01-22', 'Media', 'Resultados parciales obtenidos', 'En proceso', 8),
(9, '2025-01-18', '2025-01-23', 'Baja', 'Control periódico', 'Pendiente', 9),
(10, '2025-01-19', '2025-01-24', 'Alta', 'Revisión postoperatoria', 'Completado', 10),
(11, '2025-01-20', '2025-01-25', 'Media', 'Pruebas complementarias', 'En proceso', 11),
(12, '2025-01-21', '2025-01-26', 'Baja', 'Seguimiento regular', 'Pendiente', 12),
(13, '2025-01-22', '2025-01-27', 'Alta', 'Detección de infección', 'Completado', 13),
(14, '2025-01-23', '2025-01-28', 'Media', 'Nueva muestra analizada', 'En proceso', 14),
(15, '2025-01-24', '2025-01-29', 'Baja', 'Resultados sin anomalías', 'Pendiente', 15),
(16, '2025-01-25', '2025-01-30', 'Alta', 'Prueba de emergencia', 'Completado', 16),
(17, '2025-01-26', '2025-01-31', 'Media', 'Control de paciente en observación', 'En proceso', 17),
(18, '2025-01-27', '2025-02-01', 'Baja', 'Monitoreo de tratamiento', 'Pendiente', 18),
(19, '2025-01-28', '2025-02-02', 'Alta', 'Confirmación de diagnóstico', 'Completado', 19),
(20, '2025-01-29', '2025-02-03', 'Media', 'Necesita nueva muestra', 'En proceso', 20),
(21, '2025-01-30', '2025-02-04', 'Baja', 'Seguimiento anual', 'Pendiente', 21),
(22, '2025-01-31', '2025-02-05', 'Alta', 'Paciente en estado crítico', 'Completado', 22),
(23, '2025-02-01', '2025-02-06', 'Media', 'Revisión de tratamiento', 'En proceso', 23),
(24, '2025-02-02', '2025-02-07', 'Baja', 'Revisión rutinaria', 'Pendiente', 24),
(25, '2025-02-03', '2025-02-08', 'Alta', 'Confirmación de infección', 'Completado', 25),
(26, '2025-02-04', '2025-02-09', 'Media', 'Verificación de resultados', 'En proceso', 26),
(27, '2025-02-05', '2025-02-10', 'Baja', 'Evaluación de síntomas leves', 'Pendiente', 27),
(28, '2025-02-06', '2025-02-11', 'Alta', 'Paciente con fiebre alta', 'Completado', 28),
(29, '2025-02-07', '2025-02-12', 'Media', 'Revisión médica', 'En proceso', 29),
(30, '2025-02-08', '2025-02-13', 'Baja', 'Control post tratamiento', 'Pendiente', 30),
(31, '2025-02-09', '2025-02-14', 'Alta', 'Análisis crítico', 'Completado', 31),
(32, '2025-02-10', '2025-02-15', 'Media', 'Revisión de laboratorio', 'En proceso', 32),
(33, '2025-02-11', '2025-02-16', 'Baja', 'Control sin complicaciones', 'Pendiente', 33),
(34, '2025-02-12', '2025-02-17', 'Alta', 'Urgencia médica', 'Completado', 34),
(35, '2025-02-13', '2025-02-18', 'Media', 'Resultados esperados', 'En proceso', 35),
(36, '2025-02-14', '2025-02-19', 'Baja', 'Monitoreo de rutina', 'Pendiente', 36),
(37, '2025-02-15', '2025-02-20', 'Alta', 'Confirmación de sospecha clínica', 'Completado', 37),
(38, '2025-02-16', '2025-02-21', 'Media', 'Nuevo análisis requerido', 'En proceso', 38),
(39, '2025-02-17', '2025-02-22', 'Baja', 'Resultados sin alteraciones', 'Pendiente', 39),
(40, '2025-02-18', '2025-02-23', 'Alta', 'Diagnóstico urgente', 'Completado', 40),
(41, '2025-02-19', '2025-02-24', 'Media', 'Análisis complementario', 'En proceso', 41),
(42, '2025-02-20', '2025-02-25', 'Baja', 'Paciente estable', 'Pendiente', 42),
(43, '2025-02-21', '2025-02-26', 'Alta', 'Confirmación de enfermedad crónica', 'Completado', 43),
(44, '2025-02-22', '2025-02-27', 'Media', 'Verificación de parámetros', 'En proceso', 44),
(45, '2025-02-23', '2025-02-28', 'Baja', 'Control sin urgencias', 'Pendiente', 45),
(46, '2025-02-24', '2025-03-01', 'Alta', 'Reporte de diagnóstico final', 'Completado', 46),
(47, '2025-02-25', '2025-03-02', 'Media', 'Resultados preliminares', 'En proceso', 47),
(48, '2025-02-26', '2025-03-03', 'Baja', 'Control semestral', 'Pendiente', 48),
(49, '2025-02-27', '2025-03-04', 'Alta', 'Evaluación urgente', 'Completado', 49),
(50, '2025-02-28', '2025-03-05', 'Media', 'Prueba adicional solicitada', 'En proceso', 50);


INSERT INTO tprueba (idprueba, nombre, descripcion, valorreferencia, idarea) VALUES
(1, 'Hemoglobina', 'Medición de hemoglobina en sangre', 13.5, 1),
(2, 'Hematocrito', 'Porcentaje de glóbulos rojos en sangre', 40.0, 1),
(3, 'Leucocitos', 'Conteo de glóbulos blancos', 6000, 1),
(4, 'Plaquetas', 'Conteo de plaquetas en sangre', 250000, 1),
(5, 'Glucosa en sangre', 'Medición de glucosa en ayunas', 90.0, 2),
(6, 'Colesterol total', 'Nivel de colesterol en sangre', 180.0, 2),
(7, 'Triglicéridos', 'Medición de triglicéridos en sangre', 150.0, 2),
(8, 'Creatinina', 'Función renal', 1.0, 2),
(9, 'Urea', 'Evaluación de función renal', 40.0, 2),
(10, 'Ácido úrico', 'Metabolismo de purinas', 5.5, 2),
(11, 'TGO (AST)', 'Función hepática', 30.0, 3),
(12, 'TGP (ALT)', 'Función hepática', 35.0, 3),
(13, 'Fosfatasa alcalina', 'Evaluación ósea y hepática', 80.0, 3),
(14, 'Bilirrubina total', 'Evaluación hepática', 1.2, 3),
(15, 'Proteínas totales', 'Evaluación nutricional', 7.0, 3),
(16, 'Albumina', 'Proteína hepática', 4.5, 3),
(17, 'Sodio sérico', 'Balance electrolítico', 140.0, 4),
(18, 'Potasio sérico', 'Balance electrolítico', 4.0, 4),
(19, 'Cloro sérico', 'Balance electrolítico', 100.0, 4),
(20, 'Calcio sérico', 'Metabolismo óseo', 9.5, 4),
(21, 'Magnesio sérico', 'Función muscular y nerviosa', 2.0, 4),
(22, 'Hierro sérico', 'Evaluación de anemia', 90.0, 5),
(23, 'Ferritina', 'Almacenamiento de hierro', 100.0, 5),
(24, 'Vitamina B12', 'Función neurológica y hematológica', 500.0, 5),
(25, 'Ácido fólico', 'Metabolismo celular', 6.0, 5),
(26, 'PCR (Proteína C reactiva)', 'Marcador de inflamación', 5.0, 6),
(27, 'VSG (Velocidad de sedimentación globular)', 'Marcador de inflamación', 10.0, 6),
(28, 'Dímero D', 'Evaluación de trombosis', 0.5, 6),
(29, 'Factor reumatoide', 'Marcador de artritis', 20.0, 6),
(30, 'TSH', 'Función tiroidea', 2.5, 7),
(31, 'T4 Libre', 'Hormona tiroidea libre', 1.3, 7),
(32, 'T3 Total', 'Hormona tiroidea total', 120.0, 7),
(33, 'Insulina', 'Evaluación metabólica', 10.0, 7),
(34, 'HOMA-IR', 'Índice de resistencia a la insulina', 2.0, 7),
(35, 'Testosterona total', 'Evaluación hormonal masculina', 500.0, 8),
(36, 'Estradiol', 'Hormona femenina', 50.0, 8),
(37, 'Progesterona', 'Evaluación hormonal', 10.0, 8),
(38, 'LH (Hormona Luteinizante)', 'Función reproductiva', 6.0, 8),
(39, 'FSH (Hormona Folículo Estimulante)', 'Función ovárica y testicular', 7.0, 8),
(40, 'Cortisol', 'Hormona del estrés', 15.0, 9),
(41, 'ACTH', 'Hormona reguladora del cortisol', 20.0, 9),
(42, 'Prolactina', 'Evaluación endocrina', 15.0, 9),
(43, 'HGH (Hormona de Crecimiento)', 'Función metabólica', 3.0, 9),
(44, 'Anticuerpos ANA', 'Enfermedades autoinmunes', 1.0, 10),
(45, 'Anti-DNA', 'Lupus eritematoso sistémico', 2.0, 10),
(46, 'Anti-CCP', 'Artritis reumatoide', 3.0, 10),
(47, 'HIV 1/2', 'Detección de VIH', 0.0, 10),
(48, 'Hepatitis B', 'Detección de Hepatitis B', 0.0, 10),
(49, 'Hepatitis C', 'Detección de Hepatitis C', 0.0, 10),
(50, 'Sífilis (VDRL)', 'Prueba de sífilis', 0.0, 10);



INSERT INTO tdetallesolicitud (iddetallesol, idsolicitud, idprueba) VALUES
(1, 1, 1),  (2, 1, 5),  (3, 2, 10), (4, 2, 15), (5, 3, 20),
(6, 3, 25), (7, 4, 30), (8, 4, 35), (9, 5, 40), (10, 5, 45),
(11, 6, 2),  (12, 6, 6),  (13, 7, 11), (14, 7, 16), (15, 8, 21),
(16, 8, 26), (17, 9, 31), (18, 9, 36), (19, 10, 41), (20, 10, 46),
(21, 11, 3), (22, 11, 7),  (23, 12, 12), (24, 12, 17), (25, 13, 22),
(26, 13, 27), (27, 14, 32), (28, 14, 37), (29, 15, 42), (30, 15, 47),
(31, 16, 4),  (32, 16, 8),  (33, 17, 13), (34, 17, 18), (35, 18, 23),
(36, 18, 28), (37, 19, 33), (38, 19, 38), (39, 20, 43), (40, 20, 48),
(41, 21, 9),  (42, 21, 14), (43, 22, 19), (44, 22, 24), (45, 23, 29),
(46, 23, 34), (47, 24, 39), (48, 24, 44), (49, 25, 49), (50, 25, 50);
INSERT INTO tresultados (idresultado, iddetallesol, resultado, unidad) VALUES
(1, 1, 14.2, 'g/dL'),  (2, 2, 92.0, 'mg/dL'),  (3, 3, 5.8, 'mg/dL'), (4, 4, 7.1, 'g/dL'), (5, 5, 9.6, 'mg/dL'),
(6, 6, 5.4, 'ng/mL'),  (7, 7, 2.7, 'mUI/L'),  (8, 8, 540.0, 'ng/dL'), (9, 9, 13.0, 'µg/dL'), (10, 10, 0.8, 'UI/mL'),
(11, 11, 41.0, '%'),   (12, 12, 174.0, 'mg/dL'), (13, 13, 32.0, 'U/L'), (14, 14, 4.3, 'g/dL'), (15, 15, 138.0, 'mmol/L'),
(16, 16, 95.0, 'mg/dL'), (17, 17, 1.2, 'ng/mL'), (18, 18, 6.5, 'ng/mL'), (19, 19, 19.0, 'pg/mL'), (20, 20, 0.7, 'mg/dL'),
(21, 21, 5800, 'cél/uL'), (22, 22, 145.0, 'mg/dL'), (23, 23, 28.0, 'U/L'), (24, 24, 100.0, 'mmol/L'), (25, 25, 98.0, 'ng/mL'),
(26, 26, 4.9, 'mg/L'),  (27, 27, 8.0, 'ng/mL'), (28, 28, 130.0, 'ng/dL'), (29, 29, 12.5, 'µg/dL'), (30, 30, 0.9, 'mg/dL'),
(31, 31, 256000, 'cél/uL'), (32, 32, 38.0, 'U/L'), (33, 33, 88.0, 'mg/dL'), (34, 34, 8.7, 'mg/dL'), (35, 35, 4.7, 'mg/dL'),
(36, 36, 5.0, 'ng/mL'), (37, 37, 3.2, 'mUI/L'), (38, 38, 490.0, 'ng/dL'), (39, 39, 11.0, 'µg/dL'), (40, 40, 0.6, 'UI/mL'),
(41, 41, 6020, 'cél/uL'), (42, 42, 135.0, 'mg/dL'), (43, 43, 24.0, 'U/L'), (44, 44, 105.0, 'mmol/L'), (45, 45, 102.0, 'ng/mL'),
(46, 46, 4.5, 'mg/L'),  (47, 47, 7.5, 'ng/mL'), (48, 48, 140.0, 'ng/dL'), (49, 49, 13.2, 'µg/dL'), (50, 50, 0.8, 'mg/dL');
